,population_fitness,best_fitness,time
0,39.734629806405394,39.7309207127891,235.17823600769043
