,population_fitness,best_fitness,time
0,39.883782356813946,39.87988213098791,237.9972858428955
