,population_fitness,best_fitness,time
0,222.3193819357908,222.3193819357908,2494.0303170681
