,population_fitness,best_fitness,time
0,58.96577297452885,58.96577297452885,589.5320210456848
