,population_fitness,best_fitness,time
0,41.07073710290317,41.06378775673935,235.96651434898376
