,population_fitness,best_fitness,time
0,41.676526636117856,41.6765266361021,118.39618468284607
