,population_fitness,best_fitness,time
0,91.19316827617794,91.1931682761738,495.46183800697327
