,population_fitness,best_fitness,time
0,177.64637037299184,177.64637037299184,2439.582713842392
