,population_fitness,best_fitness,time
0,177.24985669895523,177.24985669878208,460.5976369380951
