,population_fitness,best_fitness,time
0,268.72093745660686,237.75809521481256,816.1639068126678
