,population_fitness,best_fitness,time
0,42.834526636208025,42.834526636183256,117.87556576728821
