,population_fitness,best_fitness,time
0,134.8391405454659,134.8391405454659,2496.6503360271454
