,population_fitness,best_fitness,time
0,243.57468391821035,200.00905487607247,857.586755990982
