,population_fitness,best_fitness,time
0,152.61808826017435,152.61808826009428,431.8038558959961
