,population_fitness,best_fitness,time
0,119.98996780603052,119.98996780603015,521.3275430202484
