,population_fitness,best_fitness,time
0,223.37283726718925,186.3301342386925,829.8835320472717
