,population_fitness,best_fitness,time
0,107.32905186095881,107.32905186092853,495.4517168998718
