,population_fitness,best_fitness,time
0,56.41548061891901,56.41548061891896,552.473158121109
