,population_fitness,best_fitness,time
0,119.66507817447066,119.66507817422286,458.5674650669098
