,population_fitness,best_fitness,time
0,127.24608064097649,127.24608064071583,433.86892008781433
