,population_fitness,best_fitness,time
0,42.309526636719475,42.30952663667087,117.48494601249695
