,population_fitness,best_fitness,time
0,232.11667000780625,232.11667000780622,2478.272712945938
