,population_fitness,best_fitness,time
0,45.27670182503245,45.283172656110644,235.33459901809692
