,population_fitness,best_fitness,time
0,42.99152663672105,42.99152663667183,115.57877397537231
