,population_fitness,best_fitness,time
0,59.53145625651039,59.53145625651038,608.9765021800995
