,population_fitness,best_fitness,time
0,141.10046458990035,141.1004645899004,2501.259878873825
