,population_fitness,best_fitness,time
0,57.29396482672938,57.293964826729294,601.4179599285126
