,population_fitness,best_fitness,time
0,43.05272017654358,43.05272017648474,120.7971739768982
