,population_fitness,best_fitness,time
0,40.36304630272342,40.361660689773394,235.51524782180786
