,population_fitness,best_fitness,time
0,39.91655805466864,39.90066563073096,236.06152391433716
