,population_fitness,best_fitness,time
0,225.44336127864102,186.58950613825087,829.3018639087677
