,population_fitness,best_fitness,time
0,130.07391765757774,130.07391765673233,443.15714597702026
