,population_fitness,best_fitness,time
0,182.1836189820973,182.18361898209727,2468.6135931015015
