,population_fitness,best_fitness,time
0,172.77870648479947,172.7787064847995,2520.996551990509
