,population_fitness,best_fitness,time
0,230.10658710238096,199.92212669720072,839.5466301441193
