,population_fitness,best_fitness,time
0,42.834526635920994,42.83452663591282,123.29929089546204
