,population_fitness,best_fitness,time
0,207.39771510857113,178.2391327014987,832.5686140060425
