,population_fitness,best_fitness,time
0,41.35275938234063,41.34206431897339,236.55709099769592
