,population_fitness,best_fitness,time
0,39.284873655118986,39.27412335445088,235.22146010398865
