,population_fitness,best_fitness,time
0,42.23003843864037,42.207314434009945,236.32552313804626
