,population_fitness,best_fitness,time
0,42.83452663579879,42.83452663579875,151.55893111228943
