,population_fitness,best_fitness,time
0,58.41938055786932,58.4193805578693,600.0953099727631
