,population_fitness,best_fitness,time
0,104.28242019741201,104.28242019741202,2388.440396785736
