,population_fitness,best_fitness,time
0,132.24961368859294,132.24961368859252,520.3374099731445
