,population_fitness,best_fitness,time
0,61.29289513117493,61.29289513117469,586.494775056839
