,population_fitness,best_fitness,time
0,57.22610326663382,57.22610157607737,608.6019759178162
