,population_fitness,best_fitness,time
0,60.132658757696106,60.13265875769608,572.9915997982025
