,population_fitness,best_fitness,time
0,145.06611125385692,145.0661112538092,494.1151690483093
