,population_fitness,best_fitness,time
0,58.01066746518378,58.01066746518377,577.6380689144135
