,population_fitness,best_fitness,time
0,219.57315340059387,177.2375539104507,815.6463148593903
