,population_fitness,best_fitness,time
0,42.834526636190205,42.834526636170175,134.68364596366882
