,population_fitness,best_fitness,time
0,42.83452663647383,42.83452663644263,119.71138310432434
