,population_fitness,best_fitness,time
0,147.51700629451733,147.51700629451736,2475.4187059402466
