,population_fitness,best_fitness,time
0,253.3963841532243,253.39638415322435,2386.7612931728363
