,population_fitness,best_fitness,time
0,43.65236961439176,43.64680729485777,235.37924814224243
