,population_fitness,best_fitness,time
0,256.7711527596206,223.79714862057733,867.1644721031189
