,population_fitness,best_fitness,time
0,42.83452663590664,42.834526635899906,126.51096391677856
