,population_fitness,best_fitness,time
0,225.48843767282352,196.23701766306357,806.260801076889
