,population_fitness,best_fitness,time
0,221.47274889239375,194.6581368800075,826.6764340400696
