,population_fitness,best_fitness,time
0,53.143669094909924,53.1436690949099,578.6580338478088
